Campaign,Ad group,Type,Status,Final URL,Headline 1,Headline 2,Headline 3,Headline 4,Headline 5,Headline 6,Headline 7,Headline 8,Headline 9,Headline 10,Headline 11,Headline 12,Headline 13,Headline 14,Headline 15,Description 1,Description 2,Description 3,Description 4
GOOG_Search_TC_CoreProducts_2026,Coroplast Signs,Responsive search ad,ENABLED,https://truecolorprinting.ca/products/coroplast-signs,Order Coroplast Signs,Coroplast Signs Saskatoon,Price Coroplast Signs,Order Printing Online,Exact Prices Online,Local Saskatoon Pickup,Rush Options Available,Upload Your Artwork,Configure Your Order,Saskatoon Print Shop,Clear Online Pricing,Print Locally in Saskatoon,Rated 4.9 From 43 Reviews,,,"Configure coroplast signs online, see exact pricing, and submit your order online.",Choose local Saskatoon pickup and upload your artwork with your order.,Rush options are available. Review your configuration and price before ordering.,Work with a Saskatoon print shop rated 4.9 from 43 Google reviews.
GOOG_Search_TC_CoreProducts_2026,Coroplast Signs,Responsive search ad,ENABLED,https://truecolorprinting.ca/products/coroplast-signs,Coroplast Signs From $25,"4mm Coroplast, $8/sqft",Yard & Job Site Signs,Real Estate Signs,Election & Event Signs,Coroplast Signs Saskatoon,Custom Coroplast Printing,Single or Double Sided,Weatherproof Yard Signs,H-Stakes Available,Rated 4.9 From 43 Reviews,Same-Day Rush +$40 Flat,In-House Design $40 Flat,Pick Up in Saskatoon,Printed In-House Locally,Coroplast signs from $25. See your exact price online before you order.,Standard orders ready in 1-3 business days. Same-day rush +$40 flat.,Pick up at 216 33rd St W in Saskatoon. Upload your artwork with the order.,"In-house designer, $40 flat, same-day proof. Rated 4.9 from 43 reviews."
GOOG_Search_TC_CoreProducts_2026,Stickers and Labels,Responsive search ad,ENABLED,https://truecolorprinting.ca/products/stickers,Order Custom Stickers,Stickers Printed Locally,Custom Labels Saskatoon,Order Printing Online,Exact Prices Online,Local Saskatoon Pickup,Rush Options Available,Upload Your Artwork,Configure Your Order,Saskatoon Print Shop,Clear Online Pricing,Print Locally in Saskatoon,Rated 4.9 From 43 Reviews,,,"Configure stickers and labels online, see exact pricing, and submit your order online.",Choose local Saskatoon pickup and upload your artwork with your order.,Rush options are available. Review your configuration and price before ordering.,Work with a Saskatoon print shop rated 4.9 from 43 Google reviews.
GOOG_Search_TC_CoreProducts_2026,Stickers and Labels,Responsive search ad,ENABLED,https://truecolorprinting.ca/products/stickers,Custom Stickers From $25,25 Stickers From $25,Die-Cut to Any Shape,Product & Jar Labels,Waterproof Vinyl Stickers,Custom Labels Saskatoon,Sticker Printing Saskatoon,Logo & Brand Stickers,"Any Size, Any Shape",Small Runs Welcome,Rated 4.9 From 43 Reviews,Same-Day Rush +$40 Flat,In-House Design $40 Flat,Pick Up in Saskatoon,Printed In-House Locally,Custom stickers from $25 for 25. See your exact price online before ordering.,Standard orders ready in 1-3 business days. Same-day rush +$40 flat.,Pick up at 216 33rd St W in Saskatoon. Upload your artwork with the order.,"In-house designer, $40 flat, same-day proof. Rated 4.9 from 43 reviews."
GOOG_Search_TC_CoreProducts_2026,Vinyl Banners,Responsive search ad,ENABLED,https://truecolorprinting.ca/products/vinyl-banners,Order Vinyl Banners,Vinyl Banners Saskatoon,Price Custom Banners,Order Printing Online,Exact Prices Online,Local Saskatoon Pickup,Rush Options Available,Upload Your Artwork,Configure Your Order,Saskatoon Print Shop,Clear Online Pricing,Print Locally in Saskatoon,Rated 4.9 From 43 Reviews,,,"Configure vinyl banners online, see exact pricing, and submit your order online.",Choose local Saskatoon pickup and upload your artwork with your order.,Rush options are available. Review your configuration and price before ordering.,Work with a Saskatoon print shop rated 4.9 from 43 Google reviews.
GOOG_Search_TC_CoreProducts_2026,Vinyl Banners,Responsive search ad,ENABLED,https://truecolorprinting.ca/products/vinyl-banners,Vinyl Banners From $66,2x4ft Vinyl Banner $66,13oz Scrim Vinyl,Grommets Included,Grand Opening Banners,Trade Show Banners,Banner Printing $8.25/sqft,Outdoor Vinyl Banners,Custom Size Banners,Banner Printing Saskatoon,Rated 4.9 From 43 Reviews,Same-Day Rush +$40 Flat,In-House Design $40 Flat,Pick Up in Saskatoon,Printed In-House Locally,Vinyl banners from $66 for 2x4ft. See your exact price online before ordering.,Standard orders ready in 1-3 business days. Same-day rush +$40 flat.,Pick up at 216 33rd St W in Saskatoon. Upload your artwork with the order.,"In-house designer, $40 flat, same-day proof. Rated 4.9 from 43 reviews."
GOOG_Search_TC_CoreProducts_2026,Business Cards,Responsive search ad,ENABLED,https://truecolorprinting.ca/products/business-cards,Order Business Cards,Business Cards Saskatoon,Price Business Cards,Order Printing Online,Exact Prices Online,Local Saskatoon Pickup,Rush Options Available,Upload Your Artwork,Configure Your Order,Saskatoon Print Shop,Clear Online Pricing,Print Locally in Saskatoon,Rated 4.9 From 43 Reviews,,,"Configure business cards online, see exact pricing, and submit your order online.",Choose local Saskatoon pickup and upload your artwork with your order.,Rush options are available. Review your configuration and price before ordering.,Work with a Saskatoon print shop rated 4.9 from 43 Google reviews.
GOOG_Search_TC_CoreProducts_2026,Business Cards,Responsive search ad,ENABLED,https://truecolorprinting.ca/products/business-cards,250 Business Cards $45,"500 Cards $65, 1000 $110","14pt Gloss, Double Sided",Business Cards From $45,Business Cards Saskatoon,Matte or Gloss Finish,Card Printing Saskatoon,Realtor & Trade Cards,Double Sided Included,Order Business Cards,Rated 4.9 From 43 Reviews,Same-Day Rush +$40 Flat,In-House Design $40 Flat,Pick Up in Saskatoon,Printed In-House Locally,250 double-sided business cards for $45 on 14pt gloss. Price it online now.,Standard orders ready in 1-3 business days. Same-day rush +$40 flat.,Pick up at 216 33rd St W in Saskatoon. Upload your artwork with the order.,"In-house designer, $40 flat, same-day proof. Rated 4.9 from 43 reviews."
GOOG_Search_TC_CoreProducts_2026,Flyers,Responsive search ad,ENABLED,https://truecolorprinting.ca/products/flyers,Order Custom Flyers,Flyer Printing Saskatoon,Price Flyers Online,Order Printing Online,Exact Prices Online,Local Saskatoon Pickup,Rush Options Available,Upload Your Artwork,Configure Your Order,Saskatoon Print Shop,Clear Online Pricing,Print Locally in Saskatoon,Rated 4.9 From 43 Reviews,,,"Configure flyers online, see exact pricing, and submit your order online.",Choose local Saskatoon pickup and upload your artwork with your order.,Rush options are available. Review your configuration and price before ordering.,Work with a Saskatoon print shop rated 4.9 from 43 Google reviews.
GOOG_Search_TC_CoreProducts_2026,Flyers,Responsive search ad,ENABLED,https://truecolorprinting.ca/products/flyers,100 Flyers From $45,"Full Letter, Double Sided",80lb Gloss Text,Flyer Printing From $45,"Menus, Handbills, Inserts",Flyer Printing Saskatoon,Custom Flyers Saskatoon,Promo & Event Flyers,Bulk Flyer Printing,Half or Full Letter,Rated 4.9 From 43 Reviews,Same-Day Rush +$40 Flat,In-House Design $40 Flat,Pick Up in Saskatoon,Printed In-House Locally,100 double-sided flyers from $45 on 80lb gloss. Price it online now.,Standard orders ready in 1-3 business days. Same-day rush +$40 flat.,Pick up at 216 33rd St W in Saskatoon. Upload your artwork with the order.,"In-house designer, $40 flat, same-day proof. Rated 4.9 from 43 reviews."
GOOG_Search_TC_CoreProducts_2026,Retractable Banners,Responsive search ad,ENABLED,https://truecolorprinting.ca/products/retractable-banners,Order Retractable Banners,Retractable Banner Print,Pull Up Banners Saskatoon,Order Printing Online,Exact Prices Online,Local Saskatoon Pickup,Rush Options Available,Upload Your Artwork,Configure Your Order,Saskatoon Print Shop,Clear Online Pricing,Print Locally in Saskatoon,Rated 4.9 From 43 Reviews,,,"Configure retractable banners online, see exact pricing, and submit your order online.",Choose local Saskatoon pickup and upload your artwork with your order.,Rush options are available. Review your configuration and price before ordering.,Work with a Saskatoon print shop rated 4.9 from 43 Google reviews.
GOOG_Search_TC_CoreProducts_2026,Retractable Banners,Responsive search ad,ENABLED,https://truecolorprinting.ca/products/retractable-banners,Retractable Banners $219,Stand & Print Included,Trade Show Displays,Pull Up Banner From $219,Ready For Your Next Show,Retractable Banner Stands,Portable Display Banners,Conference & Expo Banners,Reusable Banner Stand,Banner Stands Saskatoon,Rated 4.9 From 43 Reviews,Same-Day Rush +$40 Flat,In-House Design $40 Flat,Pick Up in Saskatoon,Printed In-House Locally,Retractable banners from $219 with the stand and print included.,Standard orders ready in 1-3 business days. Same-day rush +$40 flat.,Pick up at 216 33rd St W in Saskatoon. Upload your artwork with the order.,"In-house designer, $40 flat, same-day proof. Rated 4.9 from 43 reviews."
GOOG_Search_TC_CoreProducts_2026,Rush and Same Day,Responsive search ad,ENABLED,https://truecolorprinting.ca/same-day-printing-saskatoon,Rush Printing Saskatoon,Explore Same Day Printing,Local Rush Print Options,Order Printing Online,Exact Prices Online,Local Saskatoon Pickup,Rush Options Available,Upload Your Artwork,Configure Your Order,Saskatoon Print Shop,Clear Online Pricing,Print Locally in Saskatoon,Rated 4.9 From 43 Reviews,,,"Configure rush printing online, see exact pricing, and submit your order online.",Choose local Saskatoon pickup and upload your artwork with your order.,Rush options are available. Review your configuration and price before ordering.,Work with a Saskatoon print shop rated 4.9 from 43 Google reviews.
GOOG_Search_TC_CoreProducts_2026,Rush and Same Day,Responsive search ad,ENABLED,https://truecolorprinting.ca/same-day-printing-saskatoon,Need It Today? Rush +$40,Order Before 10 AM Today,Rush Printing Saskatoon +$40,Standard: 1-3 Business Days,Rush Signs & Banners +$40,Rush Flyers & Cards +$40,Urgent Print Jobs +$40,Last Minute Printing +$40,Local Rush Print +$40,Rush Printing From $25,Rated 4.9 From 43 Reviews,Same-Day Rush +$40 Flat,In-House Design $40 Flat,Pick Up in Saskatoon,Printed In-House Locally,Same-day rush is +$40 flat when you order before 10 AM. Price it online now.,Standard orders ready in 1-3 business days. Same-day rush +$40 flat.,Pick up at 216 33rd St W in Saskatoon. Upload your artwork with the order.,"In-house designer, $40 flat, same-day proof. Rated 4.9 from 43 reviews."
GOOG_Search_TC_CoreProducts_2026,Generic Print Price,Responsive search ad,ENABLED,https://truecolorprinting.ca/why-true-color?source=google-ads,"Signs From $25, Cards $45",Printing Prices Saskatoon,Banners From $66,Flyers From $45,See Exact Prices Online,No Quote Needed,"Real Prices, Not Estimates",Price It Yourself Online,Print Shop Saskatoon,Printing Services Saskatoon,Rated 4.9 From 43 Reviews,Same-Day Rush +$40 Flat,In-House Design $40 Flat,Pick Up in Saskatoon,Printed In-House Locally,"Signs from $25, 250 cards $45, banners from $66. Every price is online.",Standard orders ready in 1-3 business days. Same-day rush +$40 flat.,Pick up at 216 33rd St W in Saskatoon. Upload your artwork with the order.,"In-house designer, $40 flat, same-day proof. Rated 4.9 from 43 reviews."
GOOG_Search_TC_CoreProducts_2026,Photo Posters,Responsive search ad,ENABLED,https://truecolorprinting.ca/photo-poster-printing-saskatoon,Photo Posters From $15,Photo Printing Saskatoon,Premium Matte Photo Paper,Matte Posters From $15,Photo Posters Saskatoon,Gallery-Quality Colour,Print Photos Locally,Event & Art Photo Prints,Photo & Art Poster Prints,Matte Photo Prints From $15,Rated 4.9 From 43 Reviews,Same-Day Rush +$40 Flat,In-House Design $40 Flat,Pick Up in Saskatoon,Printed In-House Locally,"Photo posters start at $15 on matte photo paper, printed locally in Saskatoon.",Standard orders ready in 1-3 business days. Same-day rush +$40 flat.,Pick up at 216 33rd St W in Saskatoon. Upload your artwork with the order.,"In-house designer, $40 flat, same-day proof. Rated 4.9 from 43 reviews."
GOOG_Search_TC_CoreProducts_2026,Generic Sign Shop,Responsive search ad,ENABLED,https://truecolorprinting.ca/why-true-color?source=google-ads,Custom Signs From $25,Aluminum Signs From $39,Saskatoon Sign Shop,"Coroplast, Aluminum, Vinyl",Sign Company Saskatoon,Signs Printed In-House,Storefront & Yard Signs,Custom Signs Saskatoon,Business & Safety Signs,Local Saskatoon Signs,Rated 4.9 From 43 Reviews,Same-Day Rush +$40 Flat,In-House Design $40 Flat,Pick Up in Saskatoon,Printed In-House Locally,"Custom signs from $25, aluminum from $39. See your exact price online.",Standard orders ready in 1-3 business days. Same-day rush +$40 flat.,Pick up at 216 33rd St W in Saskatoon. Upload your artwork with the order.,"In-house designer, $40 flat, same-day proof. Rated 4.9 from 43 reviews."
GOOG_Search_TC_CoreProducts_2026,Decals,Responsive search ad,ENABLED,https://truecolorprinting.ca/products/window-decals,Custom Decals From $25,Window Decals $11/sqft,Clear & Frosted Window Vinyl,Boat & Vehicle Decals,Storefront Window Decals,Decals Saskatoon,Cut To Any Shape,Business Hours & Logo Decals,Indoor & Outdoor Vinyl,Custom Window Graphics,Rated 4.9 From 43 Reviews,Same-Day Rush +$40 Flat,In-House Design $40 Flat,Pick Up in Saskatoon,Printed In-House Locally,"Custom decals from $25, window vinyl $11/sqft. See your price online.",Standard orders ready in 1-3 business days. Same-day rush +$40 flat.,Pick up at 216 33rd St W in Saskatoon. Upload your artwork with the order.,"In-house designer, $40 flat, same-day proof. Rated 4.9 from 43 reviews."
GOOG_Search_TC_CoreProducts_2026,Vehicle Decals,Responsive search ad,ENABLED,https://truecolorprinting.ca/vehicle-decals-saskatoon,Vehicle Decals From $25,Custom Car Decals Saskatoon,Car & Truck Door Decals,Vehicle Lettering Saskatoon,RV Vinyl Decals,Rear Window Decals,Business Vehicle Graphics,Custom Car Stickers,Printed & Installed Locally,Quote Vehicle Decals,Rated 4.9 From 43 Reviews,Same-Day Rush +$40 Flat,In-House Design $40 Flat,Pick Up in Saskatoon,Printed In-House Locally,Print-only vehicle decals from $25 order total. Installation quoted separately.,Standard orders ready in 1-3 business days. Same-day rush +$40 flat.,Pick up at 216 33rd St W in Saskatoon. Upload your artwork with the order.,"In-house designer, $40 flat, same-day proof. Rated 4.9 from 43 reviews."
GOOG_Search_TC_CoreProducts_2026,Boat Registration Decals,Responsive search ad,ENABLED,https://truecolorprinting.ca/boat-registration-numbers,Boat Decals From $39 A Pair,SK Boat Registration Numbers,Boat Licence Numbers $39,3-Inch Legal Block Letters,Boat Name Decals $18,Meets Transport Canada Rules,Both Sides Of The Bow,Sticks To Aluminum Hulls,"Nine Colours, No Upcharge",Preview Your Number Online,Rated 4.9 From 43 Reviews,Same-Day Rush +$40 Flat,In-House Design $40 Flat,Pick Up in Saskatoon,Printed In-House Locally,"Boat registration decals from $39 a pair. 3-inch block letters, both sides of the bow.",Standard orders ready in 1-3 business days. Same-day rush +$40 flat.,Pick up at 216 33rd St W in Saskatoon. Upload your artwork with the order.,"In-house designer, $40 flat, same-day proof. Rated 4.9 from 43 reviews."
GOOG_Search_TC_CoreProducts_2026,Large Format Printing,Responsive search ad,ENABLED,https://truecolorprinting.ca/large-format-printing-saskatoon,Large Format Printing,Large Format Saskatoon,Price Large Format Print,Order Printing Online,Exact Prices Online,Local Saskatoon Pickup,Rush Options Available,Upload Your Artwork,Configure Your Order,Saskatoon Print Shop,Clear Online Pricing,Print Locally in Saskatoon,Rated 4.9 From 43 Reviews,,,"Configure large format printing online, see exact pricing, and submit your order online.",Choose local Saskatoon pickup and upload your artwork with your order.,Rush options are available. Review your configuration and price before ordering.,Work with a Saskatoon print shop rated 4.9 from 43 Google reviews.
GOOG_Search_TC_CoreProducts_2026,Large Format Printing,Responsive search ad,ENABLED,https://truecolorprinting.ca/large-format-printing-saskatoon,Large Format From $8.25/sqft,Up To 4x8ft Panels,"Banners, Coroplast, ACP",Large Format Printing,Roland Eco-Solvent Print,Large Format Saskatoon,Wide Format Printing,Big Signs & Displays,Trade Show & Event Print,Large Signs Saskatoon,Rated 4.9 From 43 Reviews,Same-Day Rush +$40 Flat,In-House Design $40 Flat,Pick Up in Saskatoon,Printed In-House Locally,"Large format from $8.25/sqft, panels up to 4x8ft. Price it online now.",Standard orders ready in 1-3 business days. Same-day rush +$40 flat.,Pick up at 216 33rd St W in Saskatoon. Upload your artwork with the order.,"In-house designer, $40 flat, same-day proof. Rated 4.9 from 43 reviews."
GOOG_Search_TC_CompetitorConquest_2026,Comparison - Qwik Signs,Responsive search ad,PAUSED,https://truecolorprinting.ca/why-true-color?source=google-ads,Compare Saskatoon Printing,Order Printing Online,Exact Prices Online,Local Saskatoon Pickup,Rush Options Available,Upload Your Artwork,Configure Your Order,Saskatoon Print Shop,Clear Online Pricing,Explore Printing Options,Print Locally in Saskatoon,Rated 4.9 From 43 Reviews,,,,"Compare your options, configure printing online, and see exact pricing before ordering.",Choose local Saskatoon pickup and upload your artwork with your online order.,"Explore signs, banners, stickers, cards, flyers, and other printing options.",Work with a Saskatoon print shop rated 4.9 from 43 Google reviews.
GOOG_Search_TC_CompetitorConquest_2026,Comparison - Qwik Signs,Responsive search ad,PAUSED,https://truecolorprinting.ca/why-true-color?source=google-ads,Signs From $25 In Saskatoon,"250 Cards $45, 100 Flyers $45","Banners From $66, 2x4ft",See Every Price Online,"No Quote, No Waiting","Local Shop, Not Mail Order","Printed Here, Picked Up Here",Compare Saskatoon Print Shops,Stickers From $25,Aluminum Signs $39,Rated 4.9 From 43 Reviews,Same-Day Rush +$40 Flat,In-House Design $40 Flat,Pick Up in Saskatoon,Printed In-House Locally,"Compare before you order: signs from $25, cards $45, banners from $66.",Standard orders ready in 1-3 business days. Same-day rush +$40 flat.,Pick up at 216 33rd St W in Saskatoon. Upload your artwork with the order.,"In-house designer, $40 flat, same-day proof. Rated 4.9 from 43 reviews."
GOOG_Search_TC_CompetitorConquest_2026,Comparison - Minuteman Press,Responsive search ad,PAUSED,https://truecolorprinting.ca/why-true-color?source=google-ads,Compare Saskatoon Printing,Order Printing Online,Exact Prices Online,Local Saskatoon Pickup,Rush Options Available,Upload Your Artwork,Configure Your Order,Saskatoon Print Shop,Clear Online Pricing,Explore Printing Options,Print Locally in Saskatoon,Rated 4.9 From 43 Reviews,,,,"Compare your options, configure printing online, and see exact pricing before ordering.",Choose local Saskatoon pickup and upload your artwork with your online order.,"Explore signs, banners, stickers, cards, flyers, and other printing options.",Work with a Saskatoon print shop rated 4.9 from 43 Google reviews.
GOOG_Search_TC_CompetitorConquest_2026,Comparison - Minuteman Press,Responsive search ad,PAUSED,https://truecolorprinting.ca/why-true-color?source=google-ads,Signs From $25 In Saskatoon,"250 Cards $45, 100 Flyers $45","Banners From $66, 2x4ft",See Every Price Online,"No Quote, No Waiting","Local Shop, Not Mail Order","Printed Here, Picked Up Here",Compare Saskatoon Print Shops,Stickers From $25,Aluminum Signs $39,Rated 4.9 From 43 Reviews,Same-Day Rush +$40 Flat,In-House Design $40 Flat,Pick Up in Saskatoon,Printed In-House Locally,"Compare before you order: signs from $25, cards $45, banners from $66.",Standard orders ready in 1-3 business days. Same-day rush +$40 flat.,Pick up at 216 33rd St W in Saskatoon. Upload your artwork with the order.,"In-house designer, $40 flat, same-day proof. Rated 4.9 from 43 reviews."
GOOG_Search_TC_CompetitorConquest_2026,Comparison - Ink House,Responsive search ad,PAUSED,https://truecolorprinting.ca/why-true-color?source=google-ads,Compare Saskatoon Printing,Order Printing Online,Exact Prices Online,Local Saskatoon Pickup,Rush Options Available,Upload Your Artwork,Configure Your Order,Saskatoon Print Shop,Clear Online Pricing,Explore Printing Options,Print Locally in Saskatoon,Rated 4.9 From 43 Reviews,,,,"Compare your options, configure printing online, and see exact pricing before ordering.",Choose local Saskatoon pickup and upload your artwork with your online order.,"Explore signs, banners, stickers, cards, flyers, and other printing options.",Work with a Saskatoon print shop rated 4.9 from 43 Google reviews.
GOOG_Search_TC_CompetitorConquest_2026,Comparison - Ink House,Responsive search ad,PAUSED,https://truecolorprinting.ca/why-true-color?source=google-ads,Signs From $25 In Saskatoon,"250 Cards $45, 100 Flyers $45","Banners From $66, 2x4ft",See Every Price Online,"No Quote, No Waiting","Local Shop, Not Mail Order","Printed Here, Picked Up Here",Compare Saskatoon Print Shops,Stickers From $25,Aluminum Signs $39,Rated 4.9 From 43 Reviews,Same-Day Rush +$40 Flat,In-House Design $40 Flat,Pick Up in Saskatoon,Printed In-House Locally,"Compare before you order: signs from $25, cards $45, banners from $66.",Standard orders ready in 1-3 business days. Same-day rush +$40 flat.,Pick up at 216 33rd St W in Saskatoon. Upload your artwork with the order.,"In-house designer, $40 flat, same-day proof. Rated 4.9 from 43 reviews."
GOOG_Search_TC_CompetitorConquest_2026,Comparison - Rayacom,Responsive search ad,PAUSED,https://truecolorprinting.ca/why-true-color?source=google-ads,Compare Saskatoon Printing,Order Printing Online,Exact Prices Online,Local Saskatoon Pickup,Rush Options Available,Upload Your Artwork,Configure Your Order,Saskatoon Print Shop,Clear Online Pricing,Explore Printing Options,Print Locally in Saskatoon,Rated 4.9 From 43 Reviews,,,,"Compare your options, configure printing online, and see exact pricing before ordering.",Choose local Saskatoon pickup and upload your artwork with your online order.,"Explore signs, banners, stickers, cards, flyers, and other printing options.",Work with a Saskatoon print shop rated 4.9 from 43 Google reviews.
GOOG_Search_TC_CompetitorConquest_2026,Comparison - Rayacom,Responsive search ad,PAUSED,https://truecolorprinting.ca/why-true-color?source=google-ads,Signs From $25 In Saskatoon,"250 Cards $45, 100 Flyers $45","Banners From $66, 2x4ft",See Every Price Online,"No Quote, No Waiting","Local Shop, Not Mail Order","Printed Here, Picked Up Here",Compare Saskatoon Print Shops,Stickers From $25,Aluminum Signs $39,Rated 4.9 From 43 Reviews,Same-Day Rush +$40 Flat,In-House Design $40 Flat,Pick Up in Saskatoon,Printed In-House Locally,"Compare before you order: signs from $25, cards $45, banners from $66.",Standard orders ready in 1-3 business days. Same-day rush +$40 flat.,Pick up at 216 33rd St W in Saskatoon. Upload your artwork with the order.,"In-house designer, $40 flat, same-day proof. Rated 4.9 from 43 reviews."
GOOG_Search_TC_CompetitorConquest_2026,Comparison - 24 Hour Signs,Responsive search ad,PAUSED,https://truecolorprinting.ca/why-true-color?source=google-ads,Compare Saskatoon Printing,Order Printing Online,Exact Prices Online,Local Saskatoon Pickup,Rush Options Available,Upload Your Artwork,Configure Your Order,Saskatoon Print Shop,Clear Online Pricing,Explore Printing Options,Print Locally in Saskatoon,Rated 4.9 From 43 Reviews,,,,"Compare your options, configure printing online, and see exact pricing before ordering.",Choose local Saskatoon pickup and upload your artwork with your online order.,"Explore signs, banners, stickers, cards, flyers, and other printing options.",Work with a Saskatoon print shop rated 4.9 from 43 Google reviews.
GOOG_Search_TC_CompetitorConquest_2026,Comparison - 24 Hour Signs,Responsive search ad,PAUSED,https://truecolorprinting.ca/why-true-color?source=google-ads,Signs From $25 In Saskatoon,"250 Cards $45, 100 Flyers $45","Banners From $66, 2x4ft",See Every Price Online,"No Quote, No Waiting","Local Shop, Not Mail Order","Printed Here, Picked Up Here",Compare Saskatoon Print Shops,Stickers From $25,Aluminum Signs $39,Rated 4.9 From 43 Reviews,Same-Day Rush +$40 Flat,In-House Design $40 Flat,Pick Up in Saskatoon,Printed In-House Locally,"Compare before you order: signs from $25, cards $45, banners from $66.",Standard orders ready in 1-3 business days. Same-day rush +$40 flat.,Pick up at 216 33rd St W in Saskatoon. Upload your artwork with the order.,"In-house designer, $40 flat, same-day proof. Rated 4.9 from 43 reviews."
GOOG_Search_TC_CompetitorConquest_2026,Comparison - Anytime Printing,Responsive search ad,PAUSED,https://truecolorprinting.ca/why-true-color?source=google-ads,Compare Saskatoon Printing,Order Printing Online,Exact Prices Online,Local Saskatoon Pickup,Rush Options Available,Upload Your Artwork,Configure Your Order,Saskatoon Print Shop,Clear Online Pricing,Explore Printing Options,Print Locally in Saskatoon,Rated 4.9 From 43 Reviews,,,,"Compare your options, configure printing online, and see exact pricing before ordering.",Choose local Saskatoon pickup and upload your artwork with your online order.,"Explore signs, banners, stickers, cards, flyers, and other printing options.",Work with a Saskatoon print shop rated 4.9 from 43 Google reviews.
GOOG_Search_TC_CompetitorConquest_2026,Comparison - Anytime Printing,Responsive search ad,PAUSED,https://truecolorprinting.ca/why-true-color?source=google-ads,Signs From $25 In Saskatoon,"250 Cards $45, 100 Flyers $45","Banners From $66, 2x4ft",See Every Price Online,"No Quote, No Waiting","Local Shop, Not Mail Order","Printed Here, Picked Up Here",Compare Saskatoon Print Shops,Stickers From $25,Aluminum Signs $39,Rated 4.9 From 43 Reviews,Same-Day Rush +$40 Flat,In-House Design $40 Flat,Pick Up in Saskatoon,Printed In-House Locally,"Compare before you order: signs from $25, cards $45, banners from $66.",Standard orders ready in 1-3 business days. Same-day rush +$40 flat.,Pick up at 216 33rd St W in Saskatoon. Upload your artwork with the order.,"In-house designer, $40 flat, same-day proof. Rated 4.9 from 43 reviews."
GOOG_Search_TC_CompetitorConquest_2026,Comparison - PGI Printers,Responsive search ad,PAUSED,https://truecolorprinting.ca/why-true-color?source=google-ads,Compare Saskatoon Printing,Order Printing Online,Exact Prices Online,Local Saskatoon Pickup,Rush Options Available,Upload Your Artwork,Configure Your Order,Saskatoon Print Shop,Clear Online Pricing,Explore Printing Options,Print Locally in Saskatoon,Rated 4.9 From 43 Reviews,,,,"Compare your options, configure printing online, and see exact pricing before ordering.",Choose local Saskatoon pickup and upload your artwork with your online order.,"Explore signs, banners, stickers, cards, flyers, and other printing options.",Work with a Saskatoon print shop rated 4.9 from 43 Google reviews.
GOOG_Search_TC_CompetitorConquest_2026,Comparison - PGI Printers,Responsive search ad,PAUSED,https://truecolorprinting.ca/why-true-color?source=google-ads,Signs From $25 In Saskatoon,"250 Cards $45, 100 Flyers $45","Banners From $66, 2x4ft",See Every Price Online,"No Quote, No Waiting","Local Shop, Not Mail Order","Printed Here, Picked Up Here",Compare Saskatoon Print Shops,Stickers From $25,Aluminum Signs $39,Rated 4.9 From 43 Reviews,Same-Day Rush +$40 Flat,In-House Design $40 Flat,Pick Up in Saskatoon,Printed In-House Locally,"Compare before you order: signs from $25, cards $45, banners from $66.",Standard orders ready in 1-3 business days. Same-day rush +$40 flat.,Pick up at 216 33rd St W in Saskatoon. Upload your artwork with the order.,"In-house designer, $40 flat, same-day proof. Rated 4.9 from 43 reviews."
GOOG_Search_TC_CompetitorConquest_2026,Comparison - Staples Printing,Responsive search ad,PAUSED,https://truecolorprinting.ca/why-true-color?source=google-ads,Compare Saskatoon Printing,Order Printing Online,Exact Prices Online,Local Saskatoon Pickup,Rush Options Available,Upload Your Artwork,Configure Your Order,Saskatoon Print Shop,Clear Online Pricing,Explore Printing Options,Print Locally in Saskatoon,Rated 4.9 From 43 Reviews,,,,"Compare your options, configure printing online, and see exact pricing before ordering.",Choose local Saskatoon pickup and upload your artwork with your online order.,"Explore signs, banners, stickers, cards, flyers, and other printing options.",Work with a Saskatoon print shop rated 4.9 from 43 Google reviews.
GOOG_Search_TC_CompetitorConquest_2026,Comparison - Staples Printing,Responsive search ad,PAUSED,https://truecolorprinting.ca/why-true-color?source=google-ads,Signs From $25 In Saskatoon,"250 Cards $45, 100 Flyers $45","Banners From $66, 2x4ft",See Every Price Online,"No Quote, No Waiting","Local Shop, Not Mail Order","Printed Here, Picked Up Here",Compare Saskatoon Print Shops,Stickers From $25,Aluminum Signs $39,Rated 4.9 From 43 Reviews,Same-Day Rush +$40 Flat,In-House Design $40 Flat,Pick Up in Saskatoon,Printed In-House Locally,"Compare before you order: signs from $25, cards $45, banners from $66.",Standard orders ready in 1-3 business days. Same-day rush +$40 flat.,Pick up at 216 33rd St W in Saskatoon. Upload your artwork with the order.,"In-house designer, $40 flat, same-day proof. Rated 4.9 from 43 reviews."
GOOG_Search_TC_CompetitorConquest_2026,Comparison - Vistaprint,Responsive search ad,PAUSED,https://truecolorprinting.ca/why-true-color?source=google-ads,Compare Saskatoon Printing,Order Printing Online,Exact Prices Online,Local Saskatoon Pickup,Rush Options Available,Upload Your Artwork,Configure Your Order,Saskatoon Print Shop,Clear Online Pricing,Explore Printing Options,Print Locally in Saskatoon,Rated 4.9 From 43 Reviews,,,,"Compare your options, configure printing online, and see exact pricing before ordering.",Choose local Saskatoon pickup and upload your artwork with your online order.,"Explore signs, banners, stickers, cards, flyers, and other printing options.",Work with a Saskatoon print shop rated 4.9 from 43 Google reviews.
GOOG_Search_TC_CompetitorConquest_2026,Comparison - Vistaprint,Responsive search ad,PAUSED,https://truecolorprinting.ca/why-true-color?source=google-ads,Signs From $25 In Saskatoon,"250 Cards $45, 100 Flyers $45","Banners From $66, 2x4ft",See Every Price Online,"No Quote, No Waiting","Local Shop, Not Mail Order","Printed Here, Picked Up Here",Compare Saskatoon Print Shops,Stickers From $25,Aluminum Signs $39,Rated 4.9 From 43 Reviews,Same-Day Rush +$40 Flat,In-House Design $40 Flat,Pick Up in Saskatoon,Printed In-House Locally,"Compare before you order: signs from $25, cards $45, banners from $66.",Standard orders ready in 1-3 business days. Same-day rush +$40 flat.,Pick up at 216 33rd St W in Saskatoon. Upload your artwork with the order.,"In-house designer, $40 flat, same-day proof. Rated 4.9 from 43 reviews."
GOOG_Search_TC_CompetitorConquest_2026,Comparison - Print Baron,Responsive search ad,PAUSED,https://truecolorprinting.ca/why-true-color?source=google-ads,Signs From $25 In Saskatoon,"250 Cards $45, 100 Flyers $45","Banners From $66, 2x4ft",See Every Price Online,"No Quote, No Waiting","Local Shop, Not Mail Order","Printed Here, Picked Up Here",Compare Saskatoon Print Shops,Stickers From $25,Aluminum Signs $39,Rated 4.9 From 43 Reviews,Same-Day Rush +$40 Flat,In-House Design $40 Flat,Pick Up in Saskatoon,Printed In-House Locally,"Compare before you order: signs from $25, cards $45, banners from $66.",Standard orders ready in 1-3 business days. Same-day rush +$40 flat.,Pick up at 216 33rd St W in Saskatoon. Upload your artwork with the order.,"In-house designer, $40 flat, same-day proof. Rated 4.9 from 43 reviews."
GOOG_Search_TC_CompetitorConquest_2026,Comparison - Mister Print,Responsive search ad,PAUSED,https://truecolorprinting.ca/why-true-color?source=google-ads,Signs From $25 In Saskatoon,"250 Cards $45, 100 Flyers $45","Banners From $66, 2x4ft",See Every Price Online,"No Quote, No Waiting","Local Shop, Not Mail Order","Printed Here, Picked Up Here",Compare Saskatoon Print Shops,Stickers From $25,Aluminum Signs $39,Rated 4.9 From 43 Reviews,Same-Day Rush +$40 Flat,In-House Design $40 Flat,Pick Up in Saskatoon,Printed In-House Locally,"Compare before you order: signs from $25, cards $45, banners from $66.",Standard orders ready in 1-3 business days. Same-day rush +$40 flat.,Pick up at 216 33rd St W in Saskatoon. Upload your artwork with the order.,"In-house designer, $40 flat, same-day proof. Rated 4.9 from 43 reviews."
GOOG_Search_TC_CompetitorConquest_2026,Comparison - Labels Made Easy,Responsive search ad,PAUSED,https://truecolorprinting.ca/why-true-color?source=google-ads,Signs From $25 In Saskatoon,"250 Cards $45, 100 Flyers $45","Banners From $66, 2x4ft",See Every Price Online,"No Quote, No Waiting","Local Shop, Not Mail Order","Printed Here, Picked Up Here",Compare Saskatoon Print Shops,Stickers From $25,Aluminum Signs $39,Rated 4.9 From 43 Reviews,Same-Day Rush +$40 Flat,In-House Design $40 Flat,Pick Up in Saskatoon,Printed In-House Locally,"Compare before you order: signs from $25, cards $45, banners from $66.",Standard orders ready in 1-3 business days. Same-day rush +$40 flat.,Pick up at 216 33rd St W in Saskatoon. Upload your artwork with the order.,"In-house designer, $40 flat, same-day proof. Rated 4.9 from 43 reviews."
GOOG_Search_TC_BrandDefense_2026,True Color Brand,Responsive search ad,PAUSED,https://truecolorprinting.ca/,True Color Printing,True Color Saskatoon,True Color Print Shop,Order Printing Online,Exact Prices Online,Local Saskatoon Pickup,Rush Options Available,Upload Your Artwork,Configure Your Order,Saskatoon Print Shop,Clear Online Pricing,Print Locally in Saskatoon,Rated 4.9 From 43 Reviews,,,"Configure printing online, see exact pricing, and submit your order online.",Choose local Saskatoon pickup and upload your artwork with your order.,Rush options are available. Review your configuration and price before ordering.,Work with a Saskatoon print shop rated 4.9 from 43 Google reviews.
GOOG_Search_TC_BrandDefense_2026,True Color Brand,Responsive search ad,PAUSED,https://truecolorprinting.ca/,True Color Printing,Signs From $25 Saskatoon,250 Business Cards $45 Here,Banners From $66 In Store,Order Direct From True Color,216 33rd St W Saskatoon,True Color Display Printing,Your Local Print Shop,"Stickers, Signs, Banners","Design $40, Rush +$40",Rated 4.9 From 43 Reviews,Same-Day Rush +$40 Flat,In-House Design $40 Flat,Pick Up in Saskatoon,Printed In-House Locally,"True Color Display Printing, 216 33rd St W Saskatoon. Signs from $25.",Standard orders ready in 1-3 business days. Same-day rush +$40 flat.,Pick up at 216 33rd St W in Saskatoon. Upload your artwork with the order.,"In-house designer, $40 flat, same-day proof. Rated 4.9 from 43 reviews."
